Company,Period,Revenue,Net Income,Liabilities,Assets,Equity,ROA (%),ROE (%),Debt to Equity,percentage Debt to Equity,ROACalced,ROECalced,Debt to EquityCalced
Volkswagen AG,2017-12-31,9750496618,516889818,21354201295,54861302788,33507101493,942.175.618,1.542.627.668,637.303.746,0.00%,0.53639,0.24567,0.20971
Siemens AG,2017-12-31,19716237464,1276840007,45009303223,75268101508,30258798286,1.696.389.282,4.219.731.382,1.487.478.214,283.68%,0.43567,0.57685,0.31095
Allianz SE,2017-12-31,19458831198,1600107100,48538978480,69583711255,21044732775,2.299.542.624,7.603.361.452,2.306.466.848,329.65%,0.42368,2.10346,0.49395
BMW AG,2017-12-31,18808147150,960184350,35382107627,67327482638,31945375011,142.614.028,3.005.706.927,1.107.581.539,0.00%,0.02313,0.42508,0.19036
BASF SE,2017-12-31,16895580815,1797081911,28309420014,68036567115,39727147101,2.641.347.127,4.523.561.449,71.259.635,634.80%,0.76082,0.80559,0.02735
Deutsche Telekom AG,2017-12-31,11505351408,1425682028,36680109736,61941763399,25261653663,2.301.649.081,5.643.660.732,1.452.007.467,388.68%,0.35450,0.85405,19.44556
Daimler AG,2017-12-31,17133317238,1743084807,19707492188,56381587968,36674095780,309.158.516,4.752.904.659,537.368.182,884.48%,0.19493,0.52528,0.14585
SAP SE,2017-12-31,17560385805,2276360916,40828269592,73785136305,32956866713,3.085.121.245,6.907.091.429,123.883.954,557.55%,2.54443,7.55450,0.01391
Bayer AG,2017-12-31,18251254610,2670535587,16524775630,29169852309,12645076680,915.512.207,2.111.917.274,130.681.498,1616.08%,0.17864,0.23014,0.01908
Deutsche Bank AG,2017-12-31,9318303083,958508334,11123712659,49692010679,38568298020,1.928.898.269,2.485.223.313,288.415.959,0.00%,0.21464,1.11279,0.06924
Porsche AG,2017-12-31,12119018742,894091080,28361763209,73909302825,45547539617,120.971.386,1.962.984.363,622.684.857,0.00%,0.01235,0.19932,0.09082
Merck KGaA,2017-12-31,11760953647,812341476,29296072481,51828662312,22532589831,1.567.359.526,3.605.184.677,130.016.446,277.29%,0.43585,1.95206,0.79047
Volkswagen AG,2018-12-31,15132692627,1296423798,22603216585,52612061095,30008844510,2.464.119.008,432.013.901,753.218.491,573.56%,2.07045,3.10769,0.34464
Siemens AG,2018-12-31,9738110535,1128540207,47796930083,86681431720,38884501637,1.301.939.971,2.902.287.954,1.229.202.589,236.11%,0.13841,1.00780,0.60665
Allianz SE,2018-12-31,11358222175,1091045445,25112465464,47584136480,22471671016,229.287.642,4.855.203.888,1.117.516.603,434.46%,0.07961,2.38121,0.21622
BMW AG,2018-12-31,6557505339,618883605,33315961378,60538144207,27222182829,1.022.303.562,2.273.453.267,1.223.853.414,0.00%,0.33667,0.50147,0.14331
BASF SE,2018-12-31,10270182691,708863277,42708053991,57050114588,14342060597,124.252.735,4.942.548.334,2.977.818.543,0.00%,0.04906,0.90128,0.36370
Deutsche Telekom AG,2018-12-31,15273880507,1698666925,35514608139,56589637247,21075029108,3.001.727.892,8.060.092.903,1.685.151.084,478.30%,0.41229,8.67572,1.11527
Daimler AG,2018-12-31,14737735881,1726421482,41539802392,60496305967,18956503575,2.853.763.473,9.107.278.014,2.191.321.951,415.61%,0.37369,3.27573,0.68054
SAP SE,2018-12-31,10184334320,1365996842,44932510908,90595603440,45663092533,1.507.795.953,299.146.809,98.400.061,304.01%,0.18933,0.20367,0.02450
Bayer AG,2018-12-31,18541451915,2242441772,28896911499,58238408654,29341497155,3.850.451.659,7.642.560.842,984.847.888,776.01%,0.85241,1.36259,0.11605
Deutsche Bank AG,2018-12-31,8808021584,1274941171,36770248755,55390246152,18619997397,2.301.743.104,6.847.160.844,197.477.196,346.73%,0.30965,4.25692,0.04128
Porsche AG,2018-12-31,7955302121,939711762,35954156213,65117507958,29163351745,1.443.101.543,3.222.235.121,1.232.854.047,0.00%,1.42107,1.37036,0.14425
Merck KGaA,2018-12-31,14241334382,1165009578,37401670447,71252783664,33851113217,1.635.037.283,3.441.569.472,1.104.887.458,311.49%,4.38538,0.60424,0.12440
Volkswagen AG,2019-12-31,15448794996,1760261975,43856467673,93429721556,49573253883,1.884.049.257,3.550.830.008,884.680.029,401.37%,3.82484,0.42771,0.12999
Siemens AG,2019-12-31,12841952642,1411970100,29126693633,55130546327,26003852694,2.561.139.322,5.429.849.634,1.120.091.472,484.77%,1.83819,0.63898,1.22442
Allianz SE,2019-12-31,15508664175,1417702229,18132341778,46620472331,28488130553,3.040.943.514,4.976.466.345,636.487.598,781.86%,0.32220,1.06702,0.13044
BMW AG,2019-12-31,8859340166,1144565565,40538252302,78168514026,37630261724,1.464.228.377,3.041.609.365,1.077.277.979,282.34%,0.64105,0.49904,0.38744
BASF SE,2019-12-31,17877114298,1224635136,31860731568,65500282723,33639551155,1.869.663.892,3.640.462.175,947.121.185,384.37%,0.28152,0.78758,0.78145
Deutsche Telekom AG,2019-12-31,15796654133,805016266,11494162751,47776069193,36281906442,1.684.978.022,2.218.781.604,31.680.151,0.00%,0.17218,0.28378,0.00456
Daimler AG,2019-12-31,10937481164,1145842379,19578678306,31178454239,11599775933,3.675.109.647,9.878.142.355,1.687.849.698,585.25%,3.35166,6.93899,0.19854
SAP SE,2019-12-31,8046709255,662165231,39424977655,89177961232,49752983577,742.521.158,1.330.905.572,79.241.434,0.00%,0.14238,0.14687,0.03272
Bayer AG,2019-12-31,17402979577,1387637302,31887265220,61548783018,29661517798,2.254.532.476,467.824.105,1.075.038.217,435.17%,0.42331,0.05667,2.81288
Deutsche Bank AG,2019-12-31,9814156310,576451353,25131659304,46301105258,21169445954,1.245.005.598,2.723.034.669,1.187.166.606,0.00%,22.24009,7.85428,0.71246
Porsche AG,2019-12-31,15806884536,845076736,34376508276,55201546863,20825038587,1.530.893.216,405.798.401,1.650.729.632,0.00%,0.17129,0.05073,0.22614
Merck KGaA,2019-12-31,17666094987,1547381835,47717175754,76466035769,28748860015,2.023.619.793,5.382.411.109,1.659.793.666,324.28%,0.32640,1.30914,0.20903
Volkswagen AG,2020-12-31,6074909806,875656603,42262965768,80569106208,38306140440,1.086.839.167,2.285.943.174,1.103.294.806,0.00%,0.12941,0.24227,0.37414
Siemens AG,2020-12-31,17731550761,1893885668,10137976567,39067986912,28930010345,4.847.666.382,6.546.439.648,350.431.142,1868.11%,0.72736,1.48892,0.08118
Allianz SE,2020-12-31,10098889889,1161225924,39497490703,77791788915,38294298213,1.492.735.853,3.032.372.908,1.031.419.625,294.00%,0.20276,0.81307,0.24570
BMW AG,2020-12-31,6940311223,962499322,29150494667,41331347093,12180852427,2.328.739.298,7.901.740.276,2.393.140.779,0.00%,0.31489,1.06730,1.69983
BASF SE,2020-12-31,11583572658,1407524593,37122614462,82673694404,45551079942,1.702.505.982,3.089.991.707,814.966.725,379.16%,0.33638,0.31148,0.08420
Deutsche Telekom AG,2020-12-31,19614896783,1231038198,45625478678,94598230353,48972751675,1.301.333.221,2.513.720.704,931.650.298,269.81%,0.39043,0.34869,0.14317
Daimler AG,2020-12-31,8582626126,482111535,40109942612,86478204177,46368261566,55.749.485,1.039.744.685,865.030.115,120.20%,0.00734,0.13952,2.87232
SAP SE,2020-12-31,9687560178,1027662516,40817136100,65594337613,24777201513,1.566.693.946,4.147.613.343,1.647.366.676,251.77%,0.22567,0.67613,0.44917
Bayer AG,2020-12-31,14954913916,1086100755,49223539015,87910824435,38687285420,1.235.457.365,2.807.384.243,1.272.344.091,220.65%,0.27003,0.73053,0.36967
Deutsche Bank AG,2020-12-31,16454038855,1761523797,29090502114,64555499757,35464997643,2.728.696.708,4.966.936.173,820.259.525,605.53%,0.39156,0.53046,0.31596
Porsche AG,2020-12-31,14994514428,1118453310,13089516203,26894911034,13805394830,4.158.605.723,8.101.566.983,948.145.009,854.46%,0.68645,1.42879,0.65375
Merck KGaA,2020-12-31,5897253747,625948791,38506883950,51548729961,13041846011,1.214.285.573,4.799.541.343,2.952.563.918,0.00%,0.42511,0.88650,0.52348
Volkswagen AG,2021-12-31,11544833810,1709962819,14660160673,40260511363,25600350690,4.247.245.654,6.679.450.762,572.654.682,1166.40%,1.72885,1.48171,0.08737
Siemens AG,2021-12-31,15389996263,923394182,21808491986,40095375980,18286883994,2.302.994.196,5.049.488.923,1.192.575.618,0.00%,0.23154,1.03268,0.20708
Allianz SE,2021-12-31,9380555380,1350100953,41223028779,68933524997,27710496218,195.855.493,4.872.164.475,1.487.632.284,327.51%,0.02279,2.96215,0.23518
BMW AG,2021-12-31,18321682480,1436804767,33230894855,73659285546,40428390691,1.950.609.154,355.394.994,821.969.272,432.37%,0.32012,0.08987,0.08470
BASF SE,2021-12-31,18793891125,2702710428,12423193661,54396450621,41973256961,4.968.541.876,6.439.124.871,295.978.787,2175.54%,0.91681,5.15652,0.03014
Deutsche Telekom AG,2021-12-31,18588737724,2116759905,15557689149,64787149652,49229460503,3.267.252.713,429.978.286,316.023.962,1360.59%,1.29277,0.04385,1.31875
Daimler AG,2021-12-31,19604996789,2406144332,39627936994,77954949919,38327012925,3.086.583.128,6.277.933.363,1.033.942.746,607.18%,0.52921,0.67251,0.10957
SAP SE,2021-12-31,12465229611,800983300,28257880783,51866957482,23609076699,1.544.303.617,3.392.692.186,1.196.907.492,0.00%,0.50854,0.49004,0.13179
Bayer AG,2021-12-31,13009192330,1451167596,31049801948,49482603845,18432801897,2.932.682.364,7.872.745.579,1.684.486.283,467.37%,0.42968,1.05582,0.34630
Deutsche Bank AG,2021-12-31,10414516344,1120888368,33962234582,80244374780,46282140198,1.396.843.544,2.421.859.412,733.808.645,330.04%,0.16549,0.28170,0.09065
Porsche AG,2021-12-31,14047287806,1489899027,14851641486,42561319258,27709677772,3.500.594.092,5.376.818.307,535.973.085,1003.19%,0.58913,0.65697,0.05498
Merck KGaA,2021-12-31,12917187369,1708731611,17319486583,43037893850,25718407267,3.970.295.613,664.400.246,673.427.651,986.59%,1.34297,0.16590,0.15737
Volkswagen AG,2022-12-31,11168902003,587168043,20072750684,67464272122,47391521437,870.339.255,1.238.972.765,423.551.515,0.00%,0.25644,0.12727,0.07670
Siemens AG,2022-12-31,16861000234,918419212,32873432607,81487723152,48614290545,1.127.064.515,1.889.195.957,676.209.243,0.00%,1.74688,0.96399,0.32307
Allianz SE,2022-12-31,16472180169,2043609431,34718393733,62464433746,27746040013,3.271.636.847,736.540.937,125.129.185,588.62%,0.51362,0.13606,0.09676
BMW AG,2022-12-31,7382434260,1093800017,35338248318,45898916976,10560668658,2.383.062.802,1.035.729.888,3.346.213.148,309.52%,3.79447,0.14180,1.56980
BASF SE,2022-12-31,13018762765,1704211990,11167034881,30031637051,18864602170,567.472.225,9.033.914.282,591.957.083,1526.11%,0.12007,0.98799,0.06175
Deutsche Telekom AG,2022-12-31,9420241101,990420474,12931047199,34081834188,21150786988,2.906.006.963,4.682.664.881,611.374.282,0.00%,41.73488,0.70419,0.16325
Daimler AG,2022-12-31,9363037363,704852259,34778269496,54701473950,19923204453,1.288.543.449,3.537.845.836,1.745.616.253,0.00%,0.23700,0.41817,0.28316
SAP SE,2022-12-31,16805465254,1837934274,10102113588,37939001132,27836887544,4.844.445.609,6.602.513.558,362.903.847,1819.36%,1.08705,1.28554,0.04005
Bayer AG,2022-12-31,19647577142,1826544478,10046371516,37513857859,27467486343,4.868.985.975,6.649.842.126,365.755.038,1818.11%,0.49372,0.78955,0.04834
Deutsche Bank AG,2022-12-31,7252204354,949551701,44858188981,86269206025,41411017045,110.068.441,229.299.295,1.083.242.871,0.00%,0.16072,0.07651,0.44592
Porsche AG,2022-12-31,5536870879,298030924,19445445005,30265348449,10819903444,984.726.558,275.446.935,1.797.192.101,0.00%,0.13543,0.06153,0.93545
Merck KGaA,2022-12-31,7610452133,536310750,48688712492,88688270941,39999558449,604.714.405,1.340.791.676,1.217.231.249,0.00%,0.08455,0.16926,0.52627
Volkswagen AG,2023-12-31,16782030250,1481049554,32384571623,78417189252,46032617629,1.888.679.725,3.217.391.559,70.351.358,457.33%,0.27776,0.82159,0.01992
Siemens AG,2023-12-31,8282175431,459390814,28551545477,64407150986,35855605509,713.260.572,1.281.224.531,796.292.381,0.00%,0.27363,0.57052,0.27225
Allianz SE,2023-12-31,13941085692,1722322782,32850325731,66248470463,33398144732,2.599.792.523,5.156.941.487,983.597.322,524.29%,0.32794,0.54764,0.16457
BMW AG,2023-12-31,8469619625,602960049,32716601950,78863289364,46146687414,764.563.656,1.306.616.103,708.969.674,0.00%,0.13554,0.21198,0.07301
BASF SE,2023-12-31,12852011317,684110086,18179739764,53040583203,34860843439,1.289.786.131,1.962.402.565,521.494.547,0.00%,0.16397,0.48737,0.10535
Deutsche Telekom AG,2023-12-31,12752580163,884167447,28470052842,53978751141,25508698298,1.637.991.669,3.466.140.986,1.116.091.951,0.00%,0.16508,2.45840,1.21369
Daimler AG,2023-12-31,5161220914,527374446,15838145692,51630867307,35792721615,1.021.432.476,1.473.412.533,442.496.267,0.00%,0.23608,0.35706,0.08906
SAP SE,2023-12-31,13414872686,1069408471,35679098743,80239095201,44559996459,1.332.777.331,2.399.929.435,800.697.971,299.73%,0.17136,0.25811,0.11462
Bayer AG,2023-12-31,15851738346,905684923,42371799830,52389418748,10017618918,1.728.755.433,9.040.920.106,422.972.766,213.75%,0.22874,0.98250,0.04338
Deutsche Bank AG,2023-12-31,12421650351,967097058,33786415736,79888234351,46101818615,1.210.562.563,2.097.741.665,73.286.514,0.00%,0.21509,0.28274,0.02548
Porsche AG,2023-12-31,16438581863,1419961878,19415830018,36726316966,17310486949,386.633.345,8.202.899.676,1.121.622.406,731.34%,0.06095,0.91166,0.18011
Merck KGaA,2023-12-31,17637490503,2103890014,44486109206,61628452463,17142343256,3.413.829.051,1.227.305.965,259.510.083,472.93%,0.41168,0.40103,0.05078
Volkswagen AG,2024-12-31,14186610709,2107123762,14632441063,32642980976,18010539913,6.455.059.247,1.169.939.253,812.437.669,1440.04%,10.89507,0.12446,0.18553
Siemens AG,2024-12-31,8451674463,530013313,43381572844,83248031989,39866459145,636.667.678,1.329.471.751,1.088.172.207,0.00%,0.09526,0.28172,0.63180
Allianz SE,2024-12-31,7203400075,631684018,23852825717,41830939577,17978113860,1.510.088.046,3.513.627.863,13.267.702,0.00%,1.71501,0.55952,0.00486
BMW AG,2024-12-31,6152045684,707968937,29243056689,57427208762,28184152074,1.232.810.982,2.511.939.811,1.037.570.923,0.00%,0.15191,0.26718,0.18164
BASF SE,2024-12-31,15113132584,1914494156,43259483243,88221659272,44962176029,2.170.095.385,4.258.010.455,962.130.552,442.56%,2.27499,40.72692,0.73687
Deutsche Telekom AG,2024-12-31,19139621006,2834016899,18313729720,41643539977,23329810257,6.805.417.841,1.214.762.087,784.992.656,1547.48%,1.62861,0.15930,0.07898
Daimler AG,2024-12-31,16456922307,1492220093,48085311015,79618978403,31533667388,1.874.201.507,4.732.148.895,1.524.888.001,310.33%,0.92999,3.17808,0.17162
SAP SE,2024-12-31,16754700510,923006607,49206362475,96053458782,46847096308,96.093.011,1.970.253.612,105.036.099,0.00%,0.10321,0.77678,0.29087
Bayer AG,2024-12-31,5728072323,604515777,34398569588,80121015584,45722445996,754.503.388,1.322.142.252,752.334.413,0.00%,0.14979,0.92934,0.22487
Deutsche Bank AG,2024-12-31,19852203756,2223753463,36451064643,76222443508,39771378864,2.917.452.342,5.591.341.126,916.514.983,610.07%,0.64487,1.63898,0.17787
Porsche AG,2024-12-31,13056746207,1500333956,33698449632,62560115073,28861665442,2.398.227.615,519.836.237,1.167.585.069,445.22%,1.05353,0.06206,0.19946
Merck KGaA,2024-12-31,18915504026,2413914962,30820597362,65357495789,34536898427,3.693.401.855,6.989.379.684,892.396.213,783.21%,0.91899,1.84074,0.22513
Volkswagen AG,2017-03-31,19695988685,1329397719,24520605687,58120450678,33599844991,2.287.314.883,3.956.559.082,729.783.298,542.16%,0.72630,0.70759,0.09307
Siemens AG,2017-03-31,19833452617,1519697640,16063730954,53272532961,37208802008,2.852.685.156,4.084.242.325,431.718.574,946.04%,0.41626,1.68534,0.05998
Allianz SE,2017-03-31,9164246774,981041953,19407851173,43999960378,24592109205,2.229.642.809,3.989.255.027,789.190.183,0.00%,0.34676,1.56415,0.41486
BMW AG,2017-03-31,18765462866,1081539894,34543581067,80126669599,45583088532,1.349.787.655,2.372.677.959,75.781.572,313.09%,0.17127,0.34987,0.00960
BASF SE,2017-03-31,16836243798,2100216671,19360624506,64506392372,45145767866,3.255.827.204,4.652.078.745,428.846.942,1084.79%,0.39349,5.90768,0.05053
Deutsche Telekom AG,2017-03-31,13951553720,1348710564,21828517855,62780698314,40952180459,2.148.288.567,3.293.379.129,533.024.557,617.87%,0.74437,0.86857,2.17046
Daimler AG,2017-03-31,7142318181,980884827,33400146455,69867319792,36467173338,1.403.925.083,2.689.774.769,915.896.227,0.00%,0.15166,0.34707,0.10209
SAP SE,2017-03-31,6568715630,719090971,18570025227,65782612977,47212587750,1.093.132.271,1.523.091.628,393.327.841,0.00%,0.82633,1.66216,0.11988
Bayer AG,2017-03-31,13027840283,1127343336,48157761467,85094142147,36936380680,1.324.818.968,3.052.121.825,1.303.802.933,234.09%,0.16167,2.50523,0.16228
Deutsche Bank AG,2017-03-31,14843015558,1680873545,14840428879,46770654578,31930225699,3.593.863.632,5.264.208.155,464.776.824,1132.63%,0.41603,2.52888,0.05973
Porsche AG,2017-03-31,5883512064,440184440,47041623953,76926443805,29884819852,572.214.726,1.472.936.567,1.574.097.625,0.00%,0.26639,0.15717,1.61229
Merck KGaA,2017-03-31,6974057939,389688114,31405828053,49969368014,18563539961,779.853.997,2.099.212.299,1.691.801.678,124.08%,0.09122,0.98870,0.21093
Volkswagen AG,2018-03-31,15989256775,1291419013,42659096630,53863933584,11204836955,2.397.557.934,1.152.554.935,3.807.203.693,302.73%,0.42962,0.20759,1.86899
Siemens AG,2018-03-31,10138254767,1262116952,45296373926,72972094010,27675720085,1.729.588.508,45.603.762,163.668.276,278.64%,0.29379,0.00745,0.02439
Allianz SE,2018-03-31,17610247426,2015329868,40259793264,68504291957,28244498693,294.190.307,7.135.300.541,1.425.403.003,500.58%,0.15449,2.37405,0.35360
BMW AG,2018-03-31,7335760537,743322628,48776154787,95122657900,46346503113,781.435.931,1.603.837.566,1.052.423.624,0.00%,0.17916,0.19139,0.24833
BASF SE,2018-03-31,16240083291,1330285061,20620789244,35863861269,15243072025,3.709.263.346,872.714.541,1.352.797.468,645.12%,1.40841,0.12204,0.16954
Deutsche Telekom AG,2018-03-31,17427808963,1967928248,36127253691,72733202053,36605948363,2.705.680.752,5.375.979.415,986.923.036,544.72%,0.39735,0.54880,0.10682
Daimler AG,2018-03-31,8641226117,983139977,36665610699,59016046453,22350435755,1.665.885.867,4.398.750.824,164.048.751,0.00%,0.18795,0.58576,0.33640
SAP SE,2018-03-31,19774628627,1421900578,42095348780,63447988091,21352639311,224.104.912,6.659.132.662,1.971.435.389,337.78%,0.21351,5.01952,0.45270
Bayer AG,2018-03-31,6560227745,884011217,46074070728,59231903754,13157833026,1.492.457.884,6.718.516.763,3.501.645.798,0.00%,0.32585,1.30002,0.54212
Deutsche Bank AG,2018-03-31,13740924616,1900766775,46035800087,57764409125,11728609038,3.290.550.018,1.620.624.209,3.925.086.081,412.89%,0.59816,0.25953,4.55966
Porsche AG,2018-03-31,17555661518,1335299860,46994742351,88007178782,41012436432,1.517.262.431,3.255.841.341,1.145.865.655,284.14%,0.57806,0.38688,0.13227
Merck KGaA,2018-03-31,9318197850,641817430,48172882387,65628926423,17456044036,977.949..,3.676.763.352,2.759.667.785,0.00%,#VALUE!,0.48156,0.41316
Volkswagen AG,2019-03-31,14907937768,1438598483,20854112480,54405171112,33551058632,2.644.231.152,4.287.788.646,621.563.472,689.84%,1.14384,0.54359,0.11021
Siemens AG,2019-03-31,11643264079,1453293868,35825693285,75665486452,39839793167,1.920.682.647,3.647.844.912,899.243.958,405.66%,0.28126,0.43164,0.36851
Allianz SE,2019-03-31,11744716344,1284599881,31388781794,60735397643,29346615849,2.115.076.103,4.377.335.663,1.069.587.783,409.25%,2.77913,1.30399,0.18187
BMW AG,2019-03-31,15132523755,1022601951,38023980809,86825852703,48801871894,1.177.762.059,2.095.415.424,779.150.048,268.94%,0.15445,0.50430,0.51917
BASF SE,2019-03-31,13827496449,1133835190,46117811894,82240340578,36122528684,1.378.684.939,3.138.858.853,127.670.497,245.86%,0.20119,0.36537,0.01894
Deutsche Telekom AG,2019-03-31,17933328881,1112803764,47538352610,96220600130,48682247520,1.156.513.016,2.285.851.252,976.502.833,234.09%,0.22533,0.26843,0.19410
Daimler AG,2019-03-31,11018589464,1097018126,21597719176,57241727973,35644008796,1.916.465.776,3.077.706.922,605.928.455,507.93%,0.41136,0.43527,0.06516
SAP SE,2019-03-31,18300753695,989934361,24181084351,42408075770,18226991420,2.334.306.245,5.431.145.154,1.326.663.507,0.00%,0.76213,3.74154,0.19985
Bayer AG,2019-03-31,15790567330,951709509,15068249757,54818573513,39750323756,1.736.107.761,2.394.218.258,379.072.378,631.60%,1.61097,1.09687,0.52364
Deutsche Bank AG,2019-03-31,11192425819,1563079220,10546244209,38688850201,28142605992,4.040.128.387,5.554.138.164,374.742.986,1482.12%,3.14674,4.01986,0.05034
Porsche AG,2019-03-31,12923331618,1676027156,26939537534,57056948432,30117410898,2.937.463.714,5.564.977.554,894.483.846,622.14%,0.63336,0.56918,0.18477
Merck KGaA,2019-03-31,19217681417,2238884002,12733925598,36970270841,24236345242,6.055.903.707,9.237.712.947,525.406.181,1758.20%,0.67002,1.29561,0.12925
Volkswagen AG,2020-03-31,15933280023,1743770422,44490184859,59864740520,15374555661,2.912.850.548,1.134.192.402,289.375.419,391.94%,0.34237,0.58939,0.07698
Siemens AG,2020-03-31,15947068708,835207323,19623471264,54178518349,34555047086,1.541.583.913,241.703.425,567.890.161,425.62%,0.26391,0.03426,0.06370
Allianz SE,2020-03-31,9263668849,635671167,12187372783,46576570031,34389197248,1.364.787.416,1.848.461.778,354.395.385,0.00%,0.17322,0.40019,0.08953
BMW AG,2020-03-31,12864732630,1045458883,40800355871,78928197945,38127842074,1.324.569.559,2.741.982.831,1.070.093.497,256.24%,0.23246,0.27889,1.14442
BASF SE,2020-03-31,9927936838,1197785480,37635556954,86394249061,48758692107,138.641.807,2.456.557.854,7.718.738,318.26%,0.02150,0.44026,0.00097
Deutsche Telekom AG,2020-03-31,17673360637,1501884164,32122639453,73938353262,41815713810,2.031.265.369,3.591.674.104,768.195.411,467.55%,0.76535,0.53271,0.39302
Daimler AG,2020-03-31,17781237366,1179606125,18447303156,42728183777,24280880621,2.760.721.427,4.858.168.628,759.746.051,639.45%,0.38258,2.88090,0.10174
SAP SE,2020-03-31,9236017256,529982877,48081211472,96574017987,48492806515,548.784.123,10.929.103,991.512.245,0.00%,0.06989,0.00108,0.19346
Bayer AG,2020-03-31,14107423353,1367599932,13615077246,27849556029,14234478784,4.910.670.497,9.607.657.241,956.485.829,1004.47%,0.73229,1.46172,0.19678
Deutsche Bank AG,2020-03-31,11812773682,980285159,44322011186,92083567435,47761556249,1.064.560.363,2.052.456.487,927.985.071,0.00%,0.18988,0.44952,0.09410
Porsche AG,2020-03-31,10779438774,1358943185,33525281805,71745524050,38220242245,189.411.563,3.555.558.796,877.160.369,405.35%,0.04592,0.63619,0.54686
Merck KGaA,2020-03-31,15236467952,894574066,36909348765,72030787429,35121438664,1.241.932.926,2.547.088.331,1.050.906.517,242.37%,0.13302,2.88347,0.11583
Volkswagen AG,2021-03-31,19710269369,1137314233,36066540496,64427162211,28360621715,1.765.271.344,4.010.187.943,1.271.711.913,315.34%,0.65047,2.13363,0.17853
Siemens AG,2021-03-31,18942636889,1771268697,15918566390,49830943520,33912377129,3.554.555.808,5.223.074.426,469.402.848,1112.71%,0.63943,7.01771,0.11642
Allianz SE,2021-03-31,8226780982,522858115,39148815906,54906293986,15757478080,952.273.549,3.318.158.603,2.484.459.487,0.00%,0.34802,2.09202,0.54060
BMW AG,2021-03-31,8417325544,742678238,36333752143,50307101979,13973349836,147.628.905,5.314.962.029,2.600.217.741,204.40%,0.02337,0.55237,1.19408
BASF SE,2021-03-31,6644620233,990744715,21424039042,52878014917,31453975875,1.873.642.035,314.982.347,681.123.402,0.00%,0.29173,0.03196,0.55185
Deutsche Telekom AG,2021-03-31,6356573780,831921707,22622163266,70081083207,47458919941,1.187.084.544,1.752.930.131,476.668.312,0.00%,1.40400,0.18836,0.07122
Daimler AG,2021-03-31,17838709007,1559286116,42906482998,53748741344,10842258346,2.901.065.359,1.438.156.209,3.957.338.188,363.42%,4.43856,0.92056,1.17006
SAP SE,2021-03-31,6588278496,731216298,11461577968,53638409260,42176831292,1.363.232.632,1.733.691.877,271.750.571,0.00%,0.58590,0.25048,0.03611
Bayer AG,2021-03-31,15481381698,1813221637,20090535950,39516175321,19425639371,4.588.555.503,933.416.709,1.034.227.784,902.53%,0.82592,0.22390,0.45394
Deutsche Bank AG,2021-03-31,8720665039,1028066418,14173153454,61397948008,47224794554,1.674.431.233,2.176.963.241,300.121.019,725.36%,0.38819,0.22590,0.24789
Porsche AG,2021-03-31,7884337935,1152213820,19342832660,61176556532,41833723872,1.883.423.791,2.754.270.272,462.374.153,595.68%,0.44432,1.01897,0.12348
Merck KGaA,2021-03-31,14786170161,1680074258,26820455279,61714717112,34894261833,2.722.323.518,4.814.757.986,768.620.795,626.42%,0.84138,0.63510,0.12371
Volkswagen AG,2022-03-31,17383281301,2467286454,26847350661,44033610784,17186260123,5.603.189.041,1.435.615.681,1.562.140.365,919.01%,2.96391,0.23308,1.11281
Siemens AG,2022-03-31,7786480387,484400550,33021752886,60040484961,27018732075,806.789.869,1.792.832.278,122.217.996,0.00%,0.10204,0.21531,0.05596
Allianz SE,2022-03-31,16640634818,2400803163,16356578486,32583061956,16226483469,7.368.255.218,1.479.558.505,100.801.745,1467.79%,2.88694,0.26481,0.01247
BMW AG,2022-03-31,11652663475,1123917078,30713910663,55316480279,24602569617,2.031.794.272,4.568.291.423,1.248.402.551,365.93%,0.25571,1.56748,0.31002
BASF SE,2022-03-31,7020216669,504888025,19566830326,62928514411,43361684085,802.319.949,1.164.364.427,451.247.011,0.00%,0.25066,0.31941,0.18258
Deutsche Telekom AG,2022-03-31,6523953565,440649540,18792941935,60677034815,41884092879,726.221.282,1.052.068.959,448.689.243,0.00%,0.32809,1.52554,0.06500
Daimler AG,2022-03-31,13358841713,1013271417,43437924866,86840936189,43403011323,1.166.813.097,2.334.564.784,1.000.804.404,233.27%,0.14340,0.41326,0.12432
SAP SE,2022-03-31,14896500404,1471513321,30918779103,51643572423,20724793320,2.849.363.924,7.100.255.712,1.491.873.942,475.93%,0.78286,2.77656,0.17061
Bayer AG,2022-03-31,9090799678,904181651,49055627276,76658563614,27602936339,1.179.492.034,3.275.671.979,1.777.188.726,0.00%,0.23962,0.48737,0.94158
Deutsche Bank AG,2022-03-31,15495522952,1232326295,38566723026,72355738353,33789015327,1.703.149.361,3.647.121.064,1.141.398.252,319.53%,1.14019,3.01246,0.28650
Porsche AG,2022-03-31,10774855240,975556879,15417730087,40879706571,25461976485,2.386.408.712,3.831.426.362,605.519.768,0.00%,0.58379,0.89853,0.11640
Merck KGaA,2022-03-31,7570645554,419794973,36325434183,64924945929,28599511746,646.585.017,1.467.839.648,127.014.176,0.00%,0.11042,0.17472,0.89588
Volkswagen AG,2023-03-31,13460197722,1122578628,37590881745,71858135493,34267253748,1.562.215.079,3.275.951.543,1.096.991.373,298.63%,0.72624,0.34418,0.11055
Siemens AG,2023-03-31,13888922534,1095226689,47947497289,70943083888,22995586599,1.543.810.374,4.762.769.081,2.085.073.894,228.42%,0.19041,0.61918,2.82161
Allianz SE,2023-03-31,14581130415,1529637744,32236390204,47068791910,14832401705,3.249.791.809,1.031.281.228,2.173.376.291,474.51%,0.41033,0.36661,0.57748
BMW AG,2023-03-31,19456335114,2009563555,47081333393,64537094762,17455761369,3.113.811.618,1.151.232.256,2.697.180.169,426.83%,0.38355,0.49557,1.49693
BASF SE,2023-03-31,9496852852,691692392,36704020555,77712763784,41008743229,890.062.788,1.686.694.928,895.029.149,0.00%,1.41747,0.24262,3.07043
Deutsche Telekom AG,2023-03-31,10942719196,1439735669,35021279445,51489159430,16467879985,279.619.183,8.742.689.833,2.126.641.649,411.10%,0.04506,1.26726,0.33133
Daimler AG,2023-03-31,13197347212,691428622,43343894473,57721074868,14377180395,1.197.878.979,4.809.208.781,3.014.770.162,159.52%,0.13618,2.30337,0.39135
SAP SE,2023-03-31,14505450248,863046067,22921333603,46384701674,23463368071,1.860.626.534,3.678.270.163,976.898.693,0.00%,0.29687,1.36140,0.10860
Bayer AG,2023-03-31,15711957620,2201969781,29454258021,71356904907,41902646886,3.085.853.826,5.254.965.841,702.921.181,747.59%,0.36131,0.54398,0.07621
Deutsche Bank AG,2023-03-31,7317098693,887813882,23138553563,72645962598,49507409035,1.222.110.425,1.793.294.983,467.375.571,0.00%,1.10663,0.60783,0.12434
Porsche AG,2023-03-31,8880891013,668545570,40027402595,66992846031,26965443436,997.935.764,247.926.785,1.484.396.231,0.00%,0.10654,0.02665,0.37453
Merck KGaA,2023-03-31,18085416710,2126765225,44629946816,61554558843,16924612027,3.455.089.704,1.256.610.918,2.636.984.927,476.53%,3.85156,0.20559,0.26763
Volkswagen AG,2024-03-31,7309084994,1039334580,30910642675,64531416585,33620773909,161.058.696,3.091.346.389,91.939.117,336.24%,0.27429,0.89235,0.00969
Siemens AG,2024-03-31,15785741204,1106822544,13225063565,51661794785,38436731220,2.142.439.202,287.959.592,344.073.576,836.91%,0.48770,0.02991,0.46754
Allianz SE,2024-03-31,18801502624,1006058196,48264388990,86904149774,38639760784,1.157.664.161,2.603.686.398,1.249.086.123,208.45%,0.17420,0.37923,1.45025
BMW AG,2024-03-31,15848632086,2129654605,38842203399,87315704066,48473500667,2.439.028.154,4.393.440.901,80.130.799,548.28%,8.66307,0.99637,0.06116
BASF SE,2024-03-31,19756965859,1431835601,10848294146,60234434421,49386140275,2.377.104.749,2.899.266.055,219.662.725,1319.87%,2.26923,1.08962,0.03305
Deutsche Telekom AG,2024-03-31,16377852382,1007117429,43228375752,78855235024,35626859272,1.277.172.567,2.826.848.759,1.213.364.766,232.98%,0.74000,0.33296,0.33254
Daimler AG,2024-03-31,17637310202,1618745275,24936555962,37936073156,12999517193,4.267.034.357,124.523.492,1.918.267.855,649.15%,12.41959,0.02369,0.71606
SAP SE,2024-03-31,13351789947,761306516,45369290420,94052696634,48683406213,809.446.771,1.563.790.571,931.925.146,0.00%,0.18108,0.19771,0.10063
Bayer AG,2024-03-31,10194351917,1512864021,26311852797,62689824382,36377971585,2.413.252.926,4.158.736.606,723.290.817,574.97%,0.95403,0.56448,0.24861
Deutsche Bank AG,2024-03-31,19417487313,2333015849,28301209342,55585382174,27284172832,4.197.175.153,8.550.802.927,1.037.275.695,824.35%,2.39619,1.06485,0.37614
Porsche AG,2024-03-31,12668426079,744579528,33183980227,53340703796,20156723569,1.395.893.708,3.693.951.181,1.646.298.324,0.00%,0.15609,0.38825,0.55175
Merck KGaA,2024-03-31,18818295502,2691544192,27944602045,74405164472,46460562427,3.617.415.823,5.793.180.392,601.469.302,963.17%,0.86984,3.21134,0.12806
Volkswagen AG,2017-06-30,7201825633,722080991,27556950386,53860356064,26303405678,1.340.653.949,2.745.199.612,1.047.657.126,0.00%,0.20491,1.37517,0.15933
Siemens AG,2017-06-30,9065572324,736570414,47957169639,95650487131,47693317491,770.064.468,1.544.389.137,1.005.532.267,0.00%,1.19439,0.39678,0.18882
Allianz SE,2017-06-30,14340884258,1865680236,22448503705,35401436947,12952933241,5.270.069.233,1.440.353.472,1.733.082.637,831.09%,7.61198,0.40739,2.09712
BMW AG,2017-06-30,10211703797,526461438,13575717212,61177654063,47601936851,860.545.319,1.105.966.423,285.192.539,0.00%,0.15771,0.11434,0.14802
BASF SE,2017-06-30,16139422505,1276985447,16542748372,53339154988,36796406616,2.394.086.384,3.470.408.021,449.575.105,771.93%,2.77135,0.85045,0.07807
Deutsche Telekom AG,2017-06-30,15409119271,924345906,44651352138,77649206644,32997854506,1.190.412.556,2.801.230.321,1.353.159.252,0.00%,0.28845,1.21613,0.84960
Daimler AG,2017-06-30,10611576433,1197653535,31728621908,65800353827,34071731919,1.820.132.363,3.515.094.384,931.230.088,377.47%,1.37501,3.72415,0.40463
SAP SE,2017-06-30,6644029236,744873004,11294935497,23437806831,12142871334,317.808.321,6.134.241.097,930.170.072,0.00%,0.03922,2.54420,0.54683
Bayer AG,2017-06-30,8439918128,854234128,26356391355,61242421820,34886030465,139.484.054,2.448.642.382,755.499.866,0.00%,0.02872,0.38108,0.15104
Deutsche Bank AG,2017-06-30,19544012256,2752792674,13706520368,55551723268,41845202900,4.955.368.641,6.578.514.343,327.552.967,2008.38%,1.34413,1.27891,0.05914
Porsche AG,2017-06-30,11523447744,1069672005,31531931981,51328720570,19796788588,2.083.963.896,5.403.260.231,1.592.780.154,339.23%,0.21610,2.07623,0.20406
Merck KGaA,2017-06-30,11003803134,1050945998,30579291828,50859030282,20279738454,2.066.390.162,5.182.246.312,1.507.874.073,343.68%,0.52952,2.10384,0.17241
Volkswagen AG,2018-06-30,6601886883,674015397,48397997453,95156833814,46758836361,708.320.538,1.441.471.709,1.035.055.643,0.00%,0.22088,0.30548,1.86007
Siemens AG,2018-06-30,11314535587,1340341283,33163887180,56794362553,23630475373,2.359.990.011,5.672.087.683,1.403.437.157,404.16%,0.23828,6.46876,0.32094
Allianz SE,2018-06-30,11661846976,1354192659,23626577882,54731462963,31104885082,247.424.897,4.353.633.376,759.577.726,573.16%,0.05813,0.68727,0.13138
BMW AG,2018-06-30,17315578796,1167741135,16852576890,50991540077,34138963187,2.290.068.378,342.055.243,493.646.418,692.92%,3.34903,0.61908,0.07627
BASF SE,2018-06-30,11432373323,902833071,15796422658,55141147698,39344725041,1.637.312.802,2.294.673.732,401.487.687,0.00%,0.52333,0.34049,0.08222
Deutsche Telekom AG,2018-06-30,10561657912,1025524147,18824834094,53785357297,34960523204,1.906.697.655,2.933.377.572,538.459.736,544.77%,0.27320,0.77681,0.11702
Daimler AG,2018-06-30,18960217812,2711256442,20217118393,63441922522,43224804128,4.273.603.847,6.272.455.125,467.720.301,1341.07%,0.70763,1.37808,0.06483
SAP SE,2018-06-30,5282345417,541864196,34968772981,55603015081,20634242100,974.523.045,2.626.043.609,1.694.696.263,0.00%,0.18622,6.02169,0.24330
Bayer AG,2018-06-30,14443060707,1684483053,37340600075,64364816177,27024216101,2.617.086.715,6.233.235.581,138.174.591,451.11%,3.01793,2.64580,0.07904
Deutsche Bank AG,2018-06-30,7788761208,663079894,30096796442,49497014532,19400218090,1.339.636.138,3.417.899.175,155.136.382,220.32%,0.21049,0.38002,0.11365
Porsche AG,2018-06-30,9586227654,1382170553,40862854527,89907869527,49045015000,1.537.318.769,2.818.167.256,833.170.395,338.25%,0.48217,1.68484,0.48886
Merck KGaA,2018-06-30,7868422908,477697388,36789908510,81877040048,45087131537,583.432.655,1.059.498.291,815.973.588,0.00%,0.13475,0.21253,0.08371
Volkswagen AG,2019-06-30,8797334817,1311084923,25365853191,40151924792,14786071601,3.265.310.268,8.867.026.743,1.715.523.492,516.87%,1.05232,33.15634,0.32761
Siemens AG,2019-06-30,6550073893,733627118,19919552350,37424903073,17505350723,1.960.264.578,4.190.873.579,1.137.912.211,0.00%,0.74080,0.47964,0.12464
Allianz SE,2019-06-30,9612688482,1071424359,26052899280,55802879567,29749980287,1.920.016.257,3.601.428.805,875.728.287,411.25%,11.81030,0.83978,0.12014
BMW AG,2019-06-30,13411319092,782523299,19531535755,37657712776,18126177021,2.077.989.451,4.317.089.577,1.077.531.999,0.00%,0.20991,4.81932,0.20244
BASF SE,2019-06-30,11534207296,1513985001,19270767207,53405386175,34134618968,2.834.891.963,4.435.335.874,564.551.994,785.64%,0.31773,1.32044,0.10218
Deutsche Telekom AG,2019-06-30,9246129285,1035650167,29184989731,52641709425,23456719694,1.967.356.642,4.415.153.442,124.420.593,354.86%,0.55153,2.87731,0.02948
Daimler AG,2019-06-30,12504841895,639354362,41871491156,82039997300,40168506143,779.320.311,1.591.680.705,1.042.396.026,0.00%,0.24320,0.23373,0.26311
SAP SE,2019-06-30,13878289168,932271479,29658734145,62964273740,33305539595,1.480.635.642,2.799.148.399,890.504.538,0.00%,0.23284,1.88613,0.17640
Bayer AG,2019-06-30,13365845309,1437180604,30394456127,61175428677,30780972550,2.349.277.536,4.669.055.214,987.443.008,472.84%,0.84638,8.45619,0.22280
Deutsche Bank AG,2019-06-30,9538166828,766520234,38799826104,70810004871,32010178767,1.082.502.727,2.394.614.037,121.210.901,0.00%,0.21523,0.38988,0.05737
Porsche AG,2019-06-30,16367236342,1857704381,11368621660,21773242219,10404620558,8.532.052.149,1.785.460.959,109.265.125,1634.06%,16.36081,0.38724,0.04111
Merck KGaA,2019-06-30,16209619277,1894725317,17305347324,45432894647,28127547323,4.170.382.124,673.619.102,615.245.514,1094.88%,1.09127,0.10871,0.25049
Volkswagen AG,2020-06-30,7895384436,511149179,17592686846,61107816340,43515129494,836.471.027,1.174.647.036,404.288.969,0.00%,0.17748,0.18144,0.13981
Siemens AG,2020-06-30,7571178877,527700192,14328955584,29444881442,15115925857,1.792.162.733,3.491.021.304,947.937.673,368.28%,1.10119,16.38659,0.10099
Allianz SE,2020-06-30,13787621203,1605393739,33743352626,56826390011,23083037385,2.825.084.858,695.486.349,1.461.824.632,475.77%,3.32909,0.14290,0.17717
BMW AG,2020-06-30,19909637251,2732548048,15058770523,36892503606,21833733082,7.406.783.982,125.152.581,689.702.053,1814.59%,0.94466,0.08192,0.09814
BASF SE,2020-06-30,11914158554,1054111676,43298236595,83113769380,39815532785,1.268.275.622,2.647.488.561,1.087.470.983,243.45%,0.46005,0.54180,0.23079
Deutsche Telekom AG,2020-06-30,16609605942,2209253956,40969123319,78858492215,37889368896,2.801.542.223,5.830.801.675,1.081.282.811,539.25%,0.51658,0.72723,0.38223
Daimler AG,2020-06-30,14075946856,1786382228,42169052107,79023797685,36854745578,2.260.562.362,4.847.088.752,114.419.599,423.62%,0.40188,5.46129,0.02717
SAP SE,2020-06-30,6413035553,941195826,19793091472,35210598357,15417506885,2.673.046.952,6.104.721.296,1.283.806.235,0.00%,5.69305,0.84625,0.15913
Bayer AG,2020-06-30,12664152205,953498606,14551986231,38961279021,24409292791,2.447.298.009,3.906.293.451,596.165.827,0.00%,0.82112,1.33106,0.35941
Deutsche Bank AG,2020-06-30,16087302422,1326310547,32589277601,54693171121,22103893521,2.425.002.097,6.000.348.063,1.474.368.195,406.98%,115.64139,1.72383,0.40033
Porsche AG,2020-06-30,7764718758,920211366,34970670581,72558969348,37588298767,1.268.225.519,244.813.252,930.360.557,0.00%,0.56226,0.03000,0.25793
Merck KGaA,2020-06-30,17048403140,1779998241,31894204894,69469086501,37574881608,2.562.288.251,4.737.202.528,848.817.176,558.09%,0.88881,2.33894,0.10377
Volkswagen AG,2021-06-30,12858026662,1124878943,17059669622,65938237159,48878567538,1.705.958.471,2.301.374.609,349.021.473,659.38%,0.17789,0.61424,1.62530
Siemens AG,2021-06-30,6387462404,911547751,43580496165,59758020643,16177524478,1.525.398.166,5.634.655.366,269.389.153,0.00%,0.38301,0.85967,0.06912
Allianz SE,2021-06-30,17019949886,2402780363,10477167725,40916062724,30438894999,5.872.462.313,7.893.783.146,344.203.287,2293.35%,1.27014,1.00786,0.16922
BMW AG,2021-06-30,12011483364,1571388192,16704351188,36319540470,19615189283,4.326.564.081,8.011.078.402,851.602.855,940.71%,0.76691,10.21785,0.14116
BASF SE,2021-06-30,18768998808,1373518726,31667361119,58519002305,26851641187,2.347.132.848,5.115.213.316,117.934.546,433.73%,1.76668,2.39785,0.01252
Deutsche Telekom AG,2021-06-30,5509568002,378951538,36585800973,54397521144,17811720171,696.633.836,2.127.540.375,2.054.029.629,0.00%,0.10981,0.39362,6.93240
Daimler AG,2021-06-30,15648054896,1066739844,40442076671,75441053988,34998977318,1.414.004.428,3.047.917.184,1.155.521.669,263.77%,31.93315,0.33221,0.22140
SAP SE,2021-06-30,11199189899,719949868,45007114334,92397807990,47390693656,779.185.008,1.519.179.847,949.703.641,0.00%,0.42106,0.84461,0.13487
Bayer AG,2021-06-30,11712522838,1191464502,39707273398,77463236730,37755963332,1.538.103.173,3.155.698.855,1.051.682.169,300.06%,1.49070,0.45145,0.15407
Deutsche Bank AG,2021-06-30,5220250485,460458002,44926554184,91889065168,46962510984,501.102.064,980.479.945,95.664.719,0.00%,0.49087,0.20419,0.01429
Porsche AG,2021-06-30,12452147525,908357933,42131566815,76799130880,34667564065,1.182.771.111,2.620.195.442,1.215.302.198,0.00%,0.15329,1.34055,0.40205
Merck KGaA,2021-06-30,14025754117,1636333354,16839994355,60072011589,43232017234,2.723.952.986,3.785.003.473,389.525.991,971.69%,0.28573,108.98359,0.07396
Volkswagen AG,2022-06-30,12314464977,1478784803,25112871815,44050938495,18938066680,3.356.988.191,7.808.530.977,1.326.052.561,588.86%,0.33961,1.47050,2.52278
Siemens AG,2022-06-30,17737880122,2592267899,23358323946,38107807520,14749483574,6.802.458.781,1.757.531.297,158.367.063,1109.78%,1.48262,0.33070,0.04304
Allianz SE,2022-06-30,8089768870,488084935,45657380068,93604660446,47947280377,521.432.302,1.017.961.668,952.241.289,0.00%,0.12052,0.10575,0.39455
BMW AG,2022-06-30,11584036388,1399147461,22546412228,53277235987,30730823758,2.626.163.755,455.291.232,73.367.419,620.56%,1.60362,0.15623,0.01987
BASF SE,2022-06-30,11227593925,1221025867,27001572213,45570891422,18569319208,2.679.398.689,6.575.501.522,1.454.095.969,452.21%,0.67195,1.31101,1.51507
Deutsche Telekom AG,2022-06-30,8444063288,1187007039,47810647914,69756044623,21945396709,1.701.654.739,5.408.911.286,217.861.853,248.27%,0.25980,0.59345,0.02518
Daimler AG,2022-06-30,16579977460,877145067,30509379123,76296463396,45787084273,1.149.653.638,1.915.704.136,666.331.556,287.50%,0.17579,0.27196,0.20087
SAP SE,2022-06-30,14799049316,1792143630,35425741218,52933352519,17507611301,3.385.660.542,1.023.636.862,2.023.448.008,505.89%,0.51246,0.16063,0.45155
Bayer AG,2022-06-30,7918029220,810924592,42824962792,91140421051,48315458259,889.752.957,1.678.395.737,886.361.515,0.00%,0.11807,0.42402,0.24508
Deutsche Bank AG,2022-06-30,13527313706,1369609294,47047722396,76309903159,29262180763,1.794.798.889,4.680.475.816,1.607.799.596,291.11%,0.22456,0.98357,0.20098
Porsche AG,2022-06-30,9602996001,1224040111,42066934650,86789124292,44722189642,1.410.361.172,2.736.986.092,940.627.795,290.97%,0.39040,0.27746,0.14973
Merck KGaA,2022-06-30,19175705351,1921123977,39424400695,70149764250,30725363554,2.738.603.611,6.252.567.113,128.312.235,487.29%,0.45360,1.10243,0.04099
Volkswagen AG,2023-06-30,12729418594,1662688493,39022576433,81451183390,42428606957,2.041.331.291,3.918.791.148,919.723.254,426.08%,0.61607,0.49523,0.12706
Siemens AG,2023-06-30,14327627383,1625286889,41679203694,52235242339,10556038645,3.111.475.732,1.539.675.009,3.948.375.437,389.95%,0.65394,0.22800,1.05157
Allianz SE,2023-06-30,5318114486,431100966,42312531626,58725506361,16412974734,734.094.932,2.626.586.423,2.577.992.857,101.88%,0.77319,0.44780,0.25955
BMW AG,2023-06-30,14368618381,1533626886,42361743521,64353154119,21991410599,2.383.141.754,6.973.754.044,1.926.285.871,362.03%,1.68108,0.92475,0.67373
BASF SE,2023-06-30,14800185962,1295428284,11911955269,57692706612,45780751343,2.245.393.499,2.829.635.264,260.195.714,1087.50%,0.57052,0.44533,0.13285
Deutsche Telekom AG,2023-06-30,10399408221,561732002,38426371195,68448568389,30022197194,820.662.893,1.871.055.599,127.993.201,0.00%,0.12370,3.36517,0.01279
Daimler AG,2023-06-30,6677625789,440969635,45505367856,68668748604,23163380748,642.169.318,1.903.736.072,196.453.913,0.00%,0.37917,0.25853,0.04318
SAP SE,2023-06-30,10806122549,698788623,46400326109,56419077430,10018751320,1.238.567.971,697.480.754,4.631.348.222,0.00%,0.21797,0.14498,1.32990
Bayer AG,2023-06-30,10038837028,1319011419,42095419645,52756441711,10661022066,2.500.190.263,1.237.227.923,3.948.535.083,313.34%,1.31397,0.54273,0.73783
Deutsche Bank AG,2023-06-30,7129233268,804182359,37136074738,74971932150,37835857412,107.264.457,2.125.450.338,981.504.776,0.00%,0.04046,0.47187,0.19434
Porsche AG,2023-06-30,16477351074,1226392611,42857529033,61495517042,18637988008,1.994.279.698,6.580.069.753,2.299.471.864,286.16%,0.71291,9.43329,0.48722
Merck KGaA,2023-06-30,9146296754,868361703,43413456694,56455610934,13042154240,1.538.131.797,6.658.115.576,3.328.702.904,0.00%,1.16695,5.76071,0.47346
Volkswagen AG,2024-06-30,13076152982,1526410746,24545656357,68124372355,43578715998,2.240.623.573,3.502.651.951,563.248.728,621.87%,0.35922,0.53716,0.22635
Siemens AG,2024-06-30,9018099865,963180374,36993263217,49531602468,12538339252,1.944.577.453,7.681.881.582,2.950.411.731,0.00%,0.33665,0.87127,0.71649
Allianz SE,2024-06-30,13059939771,864826441,21561018412,57150274352,35589255939,1.513.249.849,2.430.021.133,605.829.424,0.00%,0.60557,11.49860,0.07294
BMW AG,2024-06-30,17928146832,2182113657,12109060417,56333682316,44224621899,3.873.550.543,4.934.160.121,273.808.116,1802.05%,0.70349,3.08142,0.03378
BASF SE,2024-06-30,11122911230,1144594204,29846781652,60313552592,30466770941,1.897.739.653,3.756.860.897,979.650.312,383.49%,0.25647,0.43629,0.15054
Deutsche Telekom AG,2024-06-30,15923641671,1238976660,29108930053,40292182768,11183252715,3.074.980.245,1.107.885.775,2.602.903.716,425.63%,0.31360,0.12498,0.28792
Daimler AG,2024-06-30,9897018704,888471373,33856303197,55117754937,21261451739,161.195.131,4.178.789.781,1.592.379.656,0.00%,0.08251,0.52901,0.41933
SAP SE,2024-06-30,8144018454,529257365,31360696540,57876694077,26515997537,914.456.801,1.995.992.663,1.182.708.533,0.00%,0.20009,0.20097,0.16682
Bayer AG,2024-06-30,7369565272,1064148244,20591206981,42904241960,22313034979,2.480.286.785,47.691.775,922.833.088,516.80%,0.86476,0.00679,0.11067
Deutsche Bank AG,2024-06-30,9306050327,729847877,23854663266,48476616703,24621953437,1.505.566.862,2.964.215.974,968.837.153,0.00%,0.26550,1.37239,0.11563
Porsche AG,2024-06-30,16413767338,1074145603,25161220888,52217608876,27056387988,2.057.056.282,3.970.025.873,929.954.911,426.91%,3.65481,15.34418,0.09729
Merck KGaA,2024-06-30,16561793827,2435933937,19456844175,52664090849,33207246674,4.625.417.238,7.335.549.257,585.921.632,1251.97%,1.10848,1.33544,0.06347
Volkswagen AG,2017-09-30,15706422457,2263166301,11556351337,26096752248,14540400911,8.672.214.379,1.556.467.607,794.775.289,1958.37%,4.04517,0.33276,0.10241
Siemens AG,2017-09-30,5703877749,588622371,24982736979,39727077870,14744340891,1.481.665.411,3.992.191.823,1.694.394.966,0.00%,0.22257,2.08109,0.42890
Allianz SE,2017-09-30,7168009253,373428560,15187122059,38651159578,23464037519,966.150.988,1.591.493.194,647.251.013,0.00%,0.63979,0.32259,0.25776
BMW AG,2017-09-30,14824260103,1856672009,49769403556,87097998229,37328594673,213.170.457,4.973.859.919,1.333.278.255,373.05%,0.12496,0.57831,0.47906
BASF SE,2017-09-30,9548006554,1237046329,27483087953,52090363015,24607275062,2.374.808.425,5.027.156.913,1.116.868.401,450.11%,0.29366,3.20369,0.12851
Deutsche Telekom AG,2017-09-30,14110556301,1163491999,16591763093,32355610354,15763847262,3.595.951.325,7.380.761.688,1.052.519.909,701.25%,0.37789,0.96890,0.20234
Daimler AG,2017-09-30,7323507123,793777927,27624534772,70422660411,42798125639,1.127.162.653,1.854.702.549,645.461.322,0.00%,0.69289,0.26390,0.13982
SAP SE,2017-09-30,18227487487,1997618536,40486058249,55383211771,14897153522,3.606.902.655,1.340.939.753,2.717.704.304,493.41%,0.39949,0.14259,0.38577
Bayer AG,2017-09-30,12670837136,1282915745,20339721000,55136777973,34797056973,2.326.787.657,3.686.851.292,584.524.174,630.74%,0.29531,0.43299,0.11141
Deutsche Bank AG,2017-09-30,19868905162,1429630591,12720436994,42183197053,29462760059,3.389.099.666,4.852.330.833,431.746.278,1123.88%,3.40036,1.46660,0.05775
Porsche AG,2017-09-30,9631040999,1113020766,22993549681,72046513305,49052963625,1.544.864.164,226.901.839,468.749.449,484.06%,0.17867,0.02506,0.06245
Merck KGaA,2017-09-30,17552142118,1316005049,28846310799,40791728305,11945417506,3.226.156.634,110.168.192,2.414.843.247,456.21%,2.05958,0.06540,0.28627
Volkswagen AG,2018-09-30,11494666314,1658196131,14924498356,62462464157,47537965801,2.654.708.156,3.488.151.213,313.949.032,1111.06%,0.37478,2.30668,0.03298
Siemens AG,2018-09-30,12634974138,741274735,28126694879,40432233302,12305538423,1.833.375.687,6.023.911.425,2.285.693.962,263.55%,0.48791,0.66083,0.32927
Allianz SE,2018-09-30,10545031789,1010594241,33534009371,63852779536,30318770165,1.582.694.204,3.333.229.664,1.106.047.811,301.36%,0.22789,1.45125,2.31328
BMW AG,2018-09-30,5647276212,430192894,49486716701,66912699732,17425983031,642.916.659,2.468.686.517,2.839.823.533,0.00%,0.07004,0.35950,0.34473
BASF SE,2018-09-30,19846387618,2884007106,11017913220,31498369926,20480456706,9.156.051.924,1.408.175.192,537.972.047,2617.56%,17.63346,0.80369,0.05524
Deutsche Telekom AG,2018-09-30,10796012246,986280251,18030445293,66154405096,48123959803,1.490.876.154,2.049.457.806,374.666.702,0.00%,0.17006,0.44757,0.05610
Daimler AG,2018-09-30,5152922484,599573691,24935989828,36383148668,11447158840,1.647.943.384,5.237.751.129,2.178.356.235,0.00%,0.17458,0.69722,0.61139
SAP SE,2018-09-30,8133295785,750601103,12010781130,31029999758,19019218627,2.418.952.978,394.654.017,631.507.601,0.00%,0.25373,0.06024,0.12431
Bayer AG,2018-09-30,8605806470,524552249,34919186753,46399878511,11480691758,1.130.503.497,4.568.995.147,3.041.557.729,0.00%,0.22443,0.45903,0.54525
Deutsche Bank AG,2018-09-30,17771922214,1082288023,48317236409,88972406897,40655170488,1.216.431.095,2.662.116.553,1.188.464.735,224.00%,0.28207,2.28394,0.25563
Porsche AG,2018-09-30,17963578177,2139702451,49106113898,95043652065,45937538167,2.251.283.915,4.657.851.806,1.068.975.741,435.73%,0.79284,0.54672,0.10946
Merck KGaA,2018-09-30,17415152986,1617758811,46995232198,95054854077,48059621879,1.701.921.302,3.366.149.685,977.852.725,344.24%,0.18463,2.24872,0.11457
Volkswagen AG,2019-09-30,10142417014,1306294910,21657205056,33344564963,11687359907,3.917.564.711,1.117.698.882,1.853.045.104,603.17%,0.69363,0.15983,4.10828
Siemens AG,2019-09-30,16654538457,1322270205,29781715108,63506323345,33724608237,2.082.107.947,3.920.787.444,883.085.577,443.99%,1.92872,0.49781,1.03182
Allianz SE,2019-09-30,13700664809,892851811,14820437742,51140549989,36320112247,174.587.839,2.458.284.833,408.050.439,0.00%,0.02960,0.86296,0.80890
BMW AG,2019-09-30,8103350227,738019785,20380748219,31832927467,11452179248,2.318.416.317,6.444.361.101,1.779.639.296,0.00%,0.55679,1.78454,0.27827
BASF SE,2019-09-30,7430177132,551583106,33765326378,50383426520,16618100141,1.094.770.928,3.319.170.671,2.031.840.348,163.36%,0.14191,1.94468,0.24169
Deutsche Telekom AG,2019-09-30,11461718687,1380378045,27344331892,73302995160,45958663267,1.883.112.746,3.003.520.875,594.976.658,504.81%,1.67013,0.57653,0.06082
Daimler AG,2019-09-30,9545803943,1253796606,34864875291,53486270610,18621395319,2.344.146.622,6.733.096.979,1.872.301.978,359.62%,1.59867,6.94274,0.61991
SAP SE,2019-09-30,13973147193,1079900966,48121419304,75654119930,27532700626,1.427.418.583,3.922.248.606,174.779.147,224.41%,0.34091,1.57760,0.02233
Bayer AG,2019-09-30,11417678713,984493633,43202192055,87180029468,43977837414,1.129.265.084,2.238.613.108,982.362.813,0.00%,0.42590,0.36503,0.27066
Deutsche Bank AG,2019-09-30,6824564419,375695946,12634199326,28137106192,15502906866,1.335.233.067,242.339.033,814.956.797,0.00%,0.57280,0.07138,0.08508
Porsche AG,2019-09-30,10956259576,738896491,30918840712,77968242093,47049401381,947.689.048,1.570.469.484,657.156.942,0.00%,0.13744,0.33441,0.41863
Merck KGaA,2019-09-30,12097020632,1236164244,27900854055,42173393478,14272539423,2.931.147.205,8.661.137.359,1.954.862.637,443.06%,1.99110,6.30537,0.22651
Volkswagen AG,2020-09-30,12436929028,1654939942,49496396884,90362459109,40866062225,1.831.446.331,4.049.668.237,1.211.185.864,334.36%,0.41023,0.60592,0.65155
Siemens AG,2020-09-30,11686522494,980715244,33647832225,72644583109,38996750884,1.350.018.407,2.514.863.985,862.836.812,0.00%,7.33417,0.29098,0.10301
Allianz SE,2020-09-30,18005946710,2292027552,30114206666,72398006770,42283800104,316.587.107,5.420.580.804,712.192.532,761.11%,0.05382,0.93319,0.36981
BMW AG,2020-09-30,9482010377,803442750,46174948427,92567055368,46392106941,867.957.555,1.731.852.256,995.319.063,0.00%,0.09054,0.20311,0.31185
BASF SE,2020-09-30,18130200876,2418330284,49603599758,91937242355,42333642596,2.630.414.207,5.712.549.489,1.171.730.017,487.53%,0.63495,1.03951,0.16041
Deutsche Telekom AG,2020-09-30,15589999588,1310559971,40139408421,54633825763,14494417343,239.880.688,9.041.825.831,2.769.301.274,326.50%,0.02714,1.09478,0.91910
Daimler AG,2020-09-30,17815073829,1375991001,34457237297,48064706274,13607468976,2.862.788.745,1.011.202.747,2.532.229.716,399.33%,0.36285,0.49865,1.10223
SAP SE,2020-09-30,15986728775,2071404633,24329632573,49270478198,24940845625,4.204.149.643,8.305.270.255,975.493.491,851.39%,2.80935,3.07302,0.19757
Bayer AG,2020-09-30,7778215290,1028179890,32630440063,51398528756,18768088693,2.000.407.238,5.478.340.957,1.738.612.844,315.10%,0.49111,1.60665,0.28360
Deutsche Bank AG,2020-09-30,11268644278,1309520126,44147215219,66843792777,22696577557,1.959.075.139,5.769.681.015,1.945.104.503,296.63%,2.60717,0.84712,1.86119
Porsche AG,2020-09-30,6912391322,945409919,38735572223,68605740345,29870168123,1.378.033.257,3.165.063.935,1.296.797.931,0.00%,4.14349,4.95034,0.16242
Merck KGaA,2020-09-30,8081970522,678443942,46360819152,75700966235,29340147083,896.215.697,231.233.995,1.580.115.431,0.00%,0.41540,0.09872,1.36878
Volkswagen AG,2021-09-30,10294096366,1404729444,27027656894,48359524775,21331867881,2.904.762.713,658.512.162,1.267.008.452,519.74%,0.38075,0.12847,14.99053
Siemens AG,2021-09-30,19026792698,2073416725,23713313938,47556455590,23843141652,4.359.905.925,8.696.071.832,994.554.924,874.37%,0.48117,12.10603,0.17912
Allianz SE,2021-09-30,11073630310,912822456,49692687138,70778247625,21085560486,1.289.693.495,4.329.135.364,2.356.716.444,0.00%,0.18587,3.19804,0.32885
BMW AG,2021-09-30,14132310152,1250503703,34109472155,60179867780,26070395624,2.077.943.587,4.796.642.602,1.308.360.358,366.61%,0.22012,0.74634,0.36297
BASF SE,2021-09-30,10808670566,658653438,37937729306,85517814001,47580084695,770.194.428,1.384.304.888,79.734.472,0.00%,0.39603,0.45394,0.01076
Deutsche Telekom AG,2021-09-30,14468035363,1480956904,34748500389,83063430789,48314930400,178.292.287,3.065.215.849,71.920.833,426.19%,0.06090,1.41997,0.00771
Daimler AG,2021-09-30,15893645982,2170220695,43221215972,62906987078,19685771106,3.449.888.154,1.102.431.133,2.195.556.158,502.12%,0.38833,0.25561,0.39467
SAP SE,2021-09-30,9000667547,1079598533,20844606335,48683375624,27838769289,2.217.591.773,3.878.039.728,748.761.776,517.93%,0.37464,9.76138,0.09819
Bayer AG,2021-09-30,13756386408,721617988,44559907041,88194004126,43634097086,818.216.606,1.653.793.789,102.121.758,0.00%,0.37764,0.20824,0.08377
Deutsche Bank AG,2021-09-30,12533912164,782840180,42843256371,86694386780,43851130409,902.988.313,1.785.222.349,977.016.008,0.00%,0.09127,0.80279,6.10320
Porsche AG,2021-09-30,7245971264,1033867668,43655777728,59462856760,15807079033,17.386.781,6.540.535.831,2.761.786.516,236.82%,0.00440,1.22053,0.35104
Merck KGaA,2021-09-30,14686380695,2175890454,36499903384,85610397087,49110493703,2.541.619.392,4.430.601.873,743.220.046,596.14%,0.41024,0.73604,0.33766
Volkswagen AG,2022-09-30,10260879440,889227522,10690275300,28159139854,17468864554,3.157.864.646,5.090.356.727,611.961.657,831.81%,0.36512,1.42686,0.06354
Siemens AG,2022-09-30,12664949131,649372783,35555990358,69522102895,33966112537,934.052.274,1.911.825.448,1.046.807.765,0.00%,1.78674,0.23151,0.12949
Allianz SE,2022-09-30,16931011156,2086994153,18754849198,52873275455,34118426257,3.947.162.597,6.116.912.125,549.698.543,1112.78%,2.42747,0.67052,0.07859
BMW AG,2022-09-30,18782382394,1614997271,25317192992,38617124033,13299931041,418.207.547,1.214.289.959,1.903.558.215,637.91%,0.20140,0.41868,0.34091
BASF SE,2022-09-30,8861717408,569761713,46662383110,69619249891,22956866781,8.183.968,2.481.879.251,2.032.611.138,0.00%,0.00435,0.28217,0.33249
Deutsche Telekom AG,2022-09-30,14873007184,1613587509,33957807568,82298368793,48340561225,1.960.655.518,3.337.957.748,70.247.028,475.17%,0.29900,0.34842,0.02834
Daimler AG,2022-09-30,18430272465,1278461027,44184049308,54843099546,10659050238,2.331.124.677,1.199.413.642,4.145.214.472,289.35%,1.86963,0.28986,1.93265
SAP SE,2022-09-30,18713092617,1701020228,36355439326,47077977464,10722538138,3.613.197.338,1.586.396.995,3.390.562.837,467.89%,1.83087,0.39950,0.60231
Bayer AG,2022-09-30,10642582906,1154447670,44364932131,75643621464,31278689333,1.526.166.579,3.690.844.131,1.418.375.676,260.22%,0.91608,0.43714,0.37745
Deutsche Bank AG,2022-09-30,11924228778,1074208571,47986876748,85149075647,37162198900,1.261.562.223,2.890.594.752,1.291.281.952,223.85%,0.22429,0.48592,0.45788
Porsche AG,2022-09-30,8621455856,1229669587,32376788972,47679877246,15303088274,2.579.011.647,803.543.419,2.115.702.948,379.80%,22.14304,0.14777,0.30088
Merck KGaA,2022-09-30,7888146905,698353200,33355799273,53175544683,19819745411,131.329.769,3.523.522.556,1.682.958.009,0.00%,0.03972,0.67419,0.17557
Volkswagen AG,2023-09-30,11664866018,1677667162,15998323030,33372541902,17374218871,5.027.088.338,965.607.245,92.080.819,1048.65%,5.69064,0.15891,0.11383
Siemens AG,2023-09-30,10185412162,754846740,24373958388,59331553465,34957595076,1.272.251.772,2.159.321.139,69.724.357,0.00%,0.50522,0.67229,0.00953
Allianz SE,2023-09-30,19814938566,1836312727,18499451286,30329911272,11830459986,6.054.461.257,1.552.190.472,1.563.713.609,992.63%,1.31250,0.81482,0.21903
BMW AG,2023-09-30,12729885504,1804875257,10865997336,56007965536,45141968200,3.222.533.152,3.998.220.124,240.707.213,1661.03%,0.60433,1.81625,0.03394
BASF SE,2023-09-30,8416753062,980336277,46036015495,95477772055,49441756560,1.026.769.117,1.982.810.372,931.116.099,212.95%,0.13340,0.24458,0.80190
Deutsche Telekom AG,2023-09-30,5149849693,750613275,17312068995,55772071679,38460002684,1.345.858.693,1.951.672.446,450.131.768,0.00%,0.15663,0.29013,0.34151
Daimler AG,2023-09-30,13104191262,1856279741,29165603027,45413408789,16247805762,4.087.514.659,1.142.480.264,1.795.048.726,636.46%,0.79412,0.23779,3.68386
SAP SE,2023-09-30,17167661800,1338393789,26063953489,52362126677,26298173188,2.556.034.053,5.089.303.273,991.093.689,513.50%,7.50595,1.67803,1.05775
Bayer AG,2023-09-30,9457609977,1131311165,40856047831,77252438398,36396390567,1.464.434.247,3.108.305.926,1.122.530.207,276.90%,0.33714,1.01593,0.21162
Deutsche Bank AG,2023-09-30,17914537947,1449472284,20633879462,43019367872,22385488410,3.369.348.169,6.475.053.201,92.175.248,702.47%,0.96763,12.17082,0.05250
Porsche AG,2023-09-30,12920254885,1147104411,35348848744,85266963912,49918115168,1.345.309.318,2.297.972.203,708.136.688,324.51%,0.43483,0.23627,0.51797
Merck KGaA,2023-09-30,9297896247,1145109250,49354599469,67631473649,18276874181,1.693.160.283,6.265.345.152,2.700.385.141,232.02%,1.05626,1.81514,0.70104
Volkswagen AG,2024-09-30,9752432683,970590419,31255665329,70790020629,39534355300,1.371.083.678,2.455.055.637,790.595.043,0.00%,1.63842,4.41253,0.13276
Siemens AG,2024-09-30,11691964631,1345578064,24477801438,72482874961,48005073523,1.856.408.241,2.802.991.363,509.900.301,549.71%,0.45463,0.28264,0.05654
Allianz SE,2024-09-30,16908879786,1197174003,48008203569,67570965703,19562762134,177.172.842,611.965.731,2.454.060.589,249.37%,0.10241,0.06327,4.05024
BMW AG,2024-09-30,17989542164,2639441820,33643521649,69399402463,35755880815,3.803.263.035,7.381.839.743,940.922.748,784.53%,1.44582,0.87896,0.10187
BASF SE,2024-09-30,16485330446,1727330520,41199120058,58775396940,17576276882,2.938.866.617,9.827.624.651,2.344.018.607,419.26%,0.33902,1.57320,12.59741
Deutsche Telekom AG,2024-09-30,6531276814,872767532,15526905086,49404344791,33877439705,1.766.580.521,2.576.249.974,458.325.813,0.00%,0.30421,1.03051,0.14057
Daimler AG,2024-09-30,14640665936,2101927829,10787737144,51913035226,41125298082,4.048.940.347,5.111.033.662,262.313.896,1948.44%,0.43048,15.18329,0.08347
SAP SE,2024-09-30,10824151396,830279996,42369695133,72342104340,29972409208,114.771.336,2.770.147.673,1.413.623.271,0.00%,0.01478,1.87577,0.22671
Bayer AG,2024-09-30,9332023907,746667545,23673143006,42677324477,19004181470,1.749.565.031,3.928.964.508,1.245.680.749,0.00%,0.30954,0.40725,0.18289
Deutsche Bank AG,2024-09-30,18549946525,2323022170,49199711543,64461554635,15261843092,3.603.732.773,1.522.111.161,3.223.707.074,472.16%,0.49169,1.36919,0.45582
Porsche AG,2024-09-30,15911174550,1241693861,36125130235,84583217359,48458087124,1.468.014.459,2.562.407.917,745.492.288,343.72%,10.15285,0.62807,0.15133
Merck KGaA,2024-09-30,15036344926,1704097607,30603212259,59444780752,28841568494,2.866.690.036,5.908.477.575,1.061.080.026,556.84%,0.41534,1.23708,1.32582
